Date,Open,High,Low,Close,Volume,symbol,Quote_Volume,Number_Of_Trades,funding_Rate,fetch_fear_greed,active_addresses,hash_rate,tx_count,miners_revenue,google_interest,time_frame,pct_change,log_return,Close_norm,sentiment_mix
2025-06-01,2.1732,2.1871,2.1217,2.178,362201867.0,XRP,780406502.42947,1294602,2.9300000000000007e-06,56.0,,839539043.1681639,256072.0,43808675.73054219,16.0,1d,,,0.10543775204891381,40.0
2025-06-02,2.178,2.2042,2.1344,2.1956,429083669.5,XRP,928466615.4684,1487049,3.8633333333333335e-05,64.0,,943761535.5163916,426207.7333333333,53390744.95249626,16.0,1d,0.8080808080808133,0.008048333182828415,0.11688565109925873,44.8
2025-06-03,2.1956,2.2813,2.1828,2.2438,512740233.1,XRP,1143513018.85588,1639408,0.0001,64.0,,943761535.5163916,426207.7333333333,53390744.95249626,16.0,1d,2.1952996902896427,0.021715499435129893,0.14823728372577075,44.8
2025-06-04,2.2437,2.2653,2.1936,2.1998,387270085.3,XRP,865701694.73103,1385832,9.768e-05,62.0,,795352777.73826,337037.0,41910547.6862086,16.0,1d,-1.9609590872626592,-0.01980440998784783,0.11961753609990917,43.599999999999994
2025-06-05,2.1998,2.2255,2.0576,2.0922,695545209.7,XRP,1494523865.46578,2104372,4.4703333333333336e-05,57.0,,943761535.5163916,426207.7333333333,53390744.95249626,16.0,1d,-4.891353759432682,-0.05015030321335586,0.04962924417848331,40.599999999999994
2025-06-06,2.0922,2.1895,2.0796,2.159,369734614.6,XRP,794314325.58091,1349062,-1.924333333333333e-05,45.0,,943761535.5163916,426207.7333333333,53390744.95249626,16.0,1d,3.1928113947041314,0.0314290076051468,0.09307922466501885,33.4
2025-06-07,2.159,2.1899,2.1467,2.1756,196205631.2,XRP,426973077.4134,732826,9.031e-05,52.0,,902662279.4965968,290718.0,47398989.35463319,16.0,1d,0.7688744789254409,0.007659337033998451,0.10387667490568515,37.6
2025-06-08,2.1756,2.2942,2.1653,2.2659,549286307.5,XRP,1234398516.81394,1657542,8.259333333333333e-05,62.0,,943761535.5163916,426207.7333333333,53390744.95249626,16.0,1d,4.150579150579126,0.04066754243870605,0.16261220241966953,43.599999999999994
2025-06-09,2.2658,2.3288,2.221,2.3202,587729343.7,XRP,1334092233.95548,1628160,5.713666666666667e-05,62.0,,943761535.5163916,426207.7333333333,53390744.95249626,16.142857142857142,1d,2.396398781940956,0.023681357853794476,0.19793157278522178,43.65714285714285
2025-06-10,2.3203,2.327,2.2574,2.3066,565304668.5,XRP,1295944356.49592,1746695,5.379333333333333e-05,71.0,,1066782693.950524,428797.0,58400130.58904057,16.285714285714285,1d,-0.5861563658305258,-0.005878810049467987,0.18908546897359185,49.114285714285714
2025-06-11,2.3066,2.3375,2.2504,2.2691,609155699.7,XRP,1402490506.50012,1811159,0.0001,72.0,,943761535.5163916,426207.7333333333,53390744.95249626,16.428571428571427,1d,-1.625769530911303,-0.016391301704614204,0.16469363861064137,49.771428571428565
2025-06-12,2.2691,2.2725,2.1693,2.1889,501333509.8,XRP,1116259706.26616,1549707,2.9993333333333333e-05,71.0,,943761535.5163916,426207.7333333333,53390744.95249626,16.571428571428573,1d,-3.534440967784591,-0.03598414256811536,0.11252764407441135,49.22857142857143
2025-06-13,2.1889,2.1909,2.081,2.1463,809455313.8,XRP,1722582969.59749,2555443,-2.803e-05,61.0,,915286926.762284,351499.0,48859546.300097495,16.714285714285715,1d,-1.9461830142994074,-0.01965370513148972,0.08481852478209982,43.28571428571429
2025-06-14,2.1464,2.178,2.1079,2.1381,410215484.7,XRP,880225414.70517,1252757,3.0506666666666667e-05,63.0,,943761535.5163916,426207.7333333333,53390744.95249626,16.857142857142858,1d,-0.3820528351115904,-0.0038278452116843643,0.07948484454273468,44.542857142857144
2025-06-15,2.1381,2.1753,2.1359,2.1644,277847143.0,XRP,599431897.65745,907705,2.8286666666666665e-05,60.0,,943761535.5163916,426207.7333333333,53390744.95249626,17.0,1d,1.2300640755811276,0.012225602592645516,0.0965916482372839,42.8
2025-06-16,2.1644,2.3366,2.1498,2.2372,867765033.3,XRP,1963302426.32944,2433128,4.802e-05,61.0,,917456209.4405266,361092.0,49380099.58294062,17.0,1d,3.363518758085382,0.03308189717885271,0.14394432158189166,43.400000000000006
2025-06-17,2.2372,2.2563,2.1408,2.1581,790596484.3,XRP,1739599479.15624,2385255,8.848e-05,68.0,,943761535.5163916,426207.7333333333,53390744.95249626,17.0,1d,-3.535669586983725,-0.03599687900001488,0.09249382073630824,47.599999999999994
2025-06-18,2.1581,2.1798,2.1171,2.1695,583009544.4,XRP,1252622294.57934,1741040,2.1976666666666662e-05,52.0,,943761535.5163916,426207.7333333333,53390744.95249626,17.0,1d,0.5282424354756454,0.005268521290987369,0.09990893716664523,38.0
2025-06-19,2.1695,2.1841,2.143,2.1639,307122642.1,XRP,663733392.78261,1017748,5.267666666666667e-05,57.0,,798061223.2804582,308332.0,42106155.08953161,17.0,1d,-0.2581239917031741,-0.002584577060668923,0.09626642383244445,41.0
2025-06-20,2.164,2.1791,2.0839,2.1185,555455334.8,XRP,1187429048.97361,1581294,4.476e-05,54.0,,943761535.5163916,426207.7333333333,53390744.95249626,17.0,1d,-2.0980636813161424,-0.02120385811112273,0.06673604787303254,39.2
2025-06-21,2.1185,2.1443,1.9841,2.0618,544759253.1,XRP,1133551537.61566,1511359,2.180333333333333e-05,49.0,,943761535.5163916,426207.7333333333,53390744.95249626,17.0,1d,-2.676421996695788,-0.027128903404329694,0.02985560036425136,36.2
2025-06-22,2.0619,2.0889,1.907,2.0159,1177564029.8,XRP,2343448041.48561,3145814,2.7736666666666665e-05,42.0,,672382290.480386,265421.0,34173347.374878295,17.0,1d,-2.22621010767291,-0.022513641875906466,0.0,32.0
2025-06-23,2.016,2.1696,1.9602,2.1575,954089612.8,XRP,1946505753.72106,2650061,-7.656666666666667e-06,47.0,,943761535.5163916,426207.7333333333,53390744.95249626,16.857142857142858,1d,7.024157944342502,0.06788439817120533,0.09210355145050109,34.94285714285714
2025-06-24,2.1574,2.2157,2.1306,2.1888,683268504.4,XRP,1489317030.82606,1971998,4.701666666666667e-05,65.0,,943761535.5163916,426207.7333333333,53390744.95249626,16.714285714285715,1d,1.4507531865585177,0.014403304470648323,0.11246259919344363,45.68571428571428
2025-06-25,2.1889,2.2293,2.1688,2.1848,477783555.8,XRP,1046747702.90887,1565505,9.714666666666668e-05,66.0,,898604369.5205159,387919.0,48334581.60969528,16.571428571428573,1d,-0.1827485380117011,-0.0018291572687361242,0.10986080395472891,46.22857142857143
2025-06-26,2.1849,2.2122,2.0942,2.1047,592342259.3,XRP,1270007818.81808,1798823,6.686666666666666e-05,74.0,,943761535.5163916,426207.7333333333,53390744.95249626,16.428571428571427,1d,-3.6662394727206227,-0.03735135201436915,0.05775985429946661,50.97142857142857
2025-06-27,2.1047,2.1539,2.0664,2.1408,622423856.3,XRP,1306932308.36958,1957337,5.08e-06,65.0,,943761535.5163916,426207.7333333333,53390744.95249626,16.285714285714285,1d,1.7152088183589154,0.017006651788783175,0.08124105632886705,45.51428571428571
2025-06-28,2.1409,2.2074,2.1323,2.1843,417166354.8,XRP,910751097.06092,1463886,5.594e-05,65.0,,911172262.800523,388943.0,49716381.35582992,16.142857142857142,1d,2.0319506726457437,0.020115820134865802,0.10953557954988948,45.457142857142856
2025-06-29,2.1842,2.2191,2.1739,2.2052,264536909.7,XRP,579857598.52606,997643,8.013333333333333e-05,68.0,,943761535.5163916,426207.7333333333,53390744.95249626,16.0,1d,0.9568282745044288,0.009522796646753548,0.12312995967217394,47.199999999999996
2025-06-30,2.2053,2.3269,2.1608,2.2358,727821013.5,XRP,1625504730.22148,2289670,6.846666666666667e-05,66.0,,943761535.5163916,426207.7333333333,53390744.95249626,17.714285714285715,1d,1.3876292399782164,0.013780898120696678,0.1430336932483413,46.68571428571429
2025-07-01,2.2358,2.2532,2.145,2.1706,607054461.5,XRP,1334363535.00139,1928888,7.126333333333333e-05,64.0,,779081248.5096745,325613.0,45807660.2879142,19.428571428571427,1d,-2.9161821272027932,-0.029595478824310812,0.10062443085729154,46.17142857142857
2025-07-02,2.1706,2.2935,2.1554,2.2328,749618585.4,XRP,1670573200.63843,2047358,-1.6996666666666666e-05,63.0,,943761535.5163916,426207.7333333333,53390744.95249626,21.142857142857142,1d,2.865567124297441,0.028252776210197953,0.1410823468193055,46.25714285714285
2025-07-03,2.2329,2.3137,2.2238,2.256,685093843.3,XRP,1557044814.00806,2052648,0.0001,73.0,,943761535.5163916,426207.7333333333,53390744.95249626,22.857142857142858,1d,1.0390541024722255,0.010336930395837036,0.15617275920385063,52.94285714285714
2025-07-04,2.256,2.267,2.1941,2.2194,442260577.0,XRP,984196669.13673,1425424,8.789666666666667e-05,73.0,,924432227.709241,366873.0,54347747.508406095,24.57142857142857,1d,-1.6223404255319096,-0.016356444551486157,0.13236633276961102,53.628571428571426
2025-07-05,2.2194,2.2327,2.2001,2.2163,212115858.4,XRP,470329073.36219,809014,1.4403333333333332e-05,67.0,,943761535.5163916,426207.7333333333,53390744.95249626,26.285714285714285,1d,-0.13967739028565296,-0.0013977503008350987,0.13034994145960718,50.71428571428571
2025-07-06,2.2163,2.2897,2.2072,2.2701,492749936.0,XRP,1114027309.05294,1505382,6.614e-05,66.0,,943761535.5163916,426207.7333333333,53390744.95249626,28.0,1d,2.4274692054324642,0.02398474460295735,0.16534408742031997,50.800000000000004
2025-07-07,2.27,2.3532,2.2541,2.2694,862521690.1,XRP,1986390607.20615,2217804,0.0001,73.0,,877919914.3653797,360355.0,52453309.478894114,32.42857142857143,1d,-0.030835646006766027,-0.0003084040116963788,0.1648887732535451,56.77142857142857
2025-07-08,2.2694,2.3216,2.2471,2.3096,529193171.3,XRP,1209209136.97177,1551174,2.717e-05,65.0,,943761535.5163916,426207.7333333333,53390744.95249626,36.85714285714286,1d,1.7713933198202136,0.017558869991836274,0.19103681540262796,53.74285714285715
2025-07-09,2.3097,2.4282,2.2966,2.4033,897035465.6,XRP,2127688335.45025,2063336,0.0001,66.0,,943761535.5163916,426207.7333333333,53390744.95249626,41.285714285714285,1d,4.056979563560792,0.03976844354045549,0.2519838688695202,56.114285714285714
2025-07-10,2.4034,2.5668,2.3925,2.5463,972044560.1,XRP,2400727685.11719,2436428,9.820666666666668e-05,71.0,,994200697.7250328,446575.0,60482809.52680318,45.71428571428572,1d,5.950151874505871,0.057798532179704376,0.34499804865357103,60.885714285714286
2025-07-11,2.5464,2.9777,2.5114,2.7335,2814243479.1,XRP,7706945039.87527,7043722,0.0001,71.0,,943761535.5163916,426207.7333333333,53390744.95249626,50.142857142857146,1d,7.351843851863471,0.07094151426616846,0.46676206582541946,62.65714285714286
2025-07-12,2.7335,2.8497,2.663,2.7395,1373982190.5,XRP,3792557884.92902,4103719,0.0001,79.0,,943761535.5163916,426207.7333333333,53390744.95249626,54.57142857142857,1d,0.2194988110481244,0.0021925826434166314,0.47066475868349167,69.22857142857143
2025-07-13,2.7394,2.894,2.7236,2.8355,1158970870.5,XRP,3261954444.81542,3289042,0.0001,74.0,,859946006.057642,399761.0,53264048.43253949,59.0,1d,3.504289103851077,0.03444286647561237,0.5331078444126448,68.0
2025-07-14,2.8355,3.0379,2.8204,2.9582,1935096178.8,XRP,5714506738.91148,5648923,0.0001,74.0,,943761535.5163916,426207.7333333333,53390744.95249626,57.285714285714285,1d,4.327279139481566,0.042362686783186866,0.6129179133602186,67.31428571428572
2025-07-15,2.9583,2.9584,2.8036,2.9203,1410685677.7,XRP,4070511891.5516,4336932,0.0001,73.0,,943761535.5163916,426207.7333333333,53390744.95249626,55.57142857142857,1d,-1.281184504090327,-0.01289462452627901,0.5882659034733967,66.02857142857142
2025-07-16,2.9203,3.1024,2.878,3.0398,1135214513.0,XRP,3401600032.30153,3454624,0.0001,70.0,,822284137.1792051,399196.0,49061620.40880899,53.85714285714286,1d,4.092045337807759,0.040105373051370186,0.6659945362299987,63.542857142857144
2025-07-17,3.0399,3.5555,2.99,3.484,2644092523.1,XRP,8679742379.06401,7504412,0.0001,74.0,,943761535.5163916,426207.7333333333,53390744.95249626,52.142857142857146,1d,14.612803473912761,0.13638933521003263,0.9549238974892675,65.25714285714287
2025-07-18,3.4841,3.6646,3.3476,3.414,2356635848.5,XRP,8238971474.94173,7482213,0.00024776,73.0,,943761535.5163916,426207.7333333333,53390744.95249626,50.42857142857143,1d,-2.0091848450057403,-0.02029643461800749,0.9093924808117602,63.971428571428575
2025-07-19,3.4141,3.4862,3.3546,3.425,879048203.3,XRP,3013356731.92312,3254345,0.0001,74.0,,891330896.7896729,426040.0,55140355.74943248,48.71428571428572,1d,0.3222026947861556,0.0032168473419395536,0.9165474177182253,63.885714285714286
2025-07-20,3.4249,3.5598,3.3846,3.4542,1117864253.6,XRP,3890203208.38467,3746998,0.0001,72.0,,943761535.5163916,426207.7333333333,53390744.95249626,47.0,1d,0.8525547445255466,0.008489410213493247,0.935540522960843,62.0
2025-07-21,3.4542,3.6532,3.4068,3.5497,1163485471.9,XRP,4135834444.94989,3949281,0.0001,71.0,,943761535.5163916,426207.7333333333,53390744.95249626,45.142857142857146,1d,2.7647501592264367,0.027272210946467645,0.9976583842851567,60.65714285714286
2025-07-22,3.5498,3.5827,3.4201,3.5533,1064371729.1,XRP,3731513212.6754,4090254,0.0001,72.0,,941546721.960922,421750.0,56703249.71929671,43.285714285714285,1d,0.10141702115671336,0.001013656288399147,1.0,60.514285714285705
2025-07-23,3.5533,3.5547,3.05,3.1845,1781822370.4,XRP,5840266391.25099,5241682,0.00017126,74.0,,943761535.5163916,426207.7333333333,53390744.95249626,41.42857142857143,1d,-10.3790842315594,-0.10958145833326544,0.7601144789905033,60.971428571428575
2025-07-24,3.1846,3.264,2.9535,3.1442,1741446751.1,XRP,5471969072.26111,5360445,0.0001,71.0,,943761535.5163916,426207.7333333333,53390744.95249626,39.57142857142857,1d,-1.2655047888208482,-0.012735805054006934,0.7339013919604528,58.42857142857143
2025-07-25,3.1443,3.1602,2.9959,3.141,1163077486.5,XRP,3590470090.24655,4004713,6.185e-05,70.0,,1004316503.4249831,427905.0,61024159.25109538,37.71428571428572,1d,-0.10177469626614366,-0.0010182652187669973,0.7318199557694809,57.08571428571429
2025-07-26,3.141,3.2175,3.1081,3.165,510527341.9,XRP,1620182076.02822,1723581,0.0001,72.0,,943761535.5163916,426207.7333333333,53390744.95249626,35.85714285714286,1d,0.764087870105068,0.007611835039630074,0.7474307272017692,57.542857142857144
2025-07-27,3.165,3.2504,3.155,3.2376,648935685.5,XRP,2077300862.60795,2316704,8.057000000000001e-05,73.0,,943761535.5163916,426207.7333333333,53390744.95249626,34.0,1d,2.29383886255925,0.022679258983379334,0.7946533107844412,57.4
2025-07-28,3.2377,3.3296,3.1052,3.1218,1005793069.1,XRP,3224801784.29303,3456926,7.882e-05,75.0,,919884194.7454996,502252.0,57401899.31434401,35.285714285714285,1d,-3.576723498888068,-0.03642255603734302,0.7193313386236503,59.114285714285714
2025-07-29,3.1219,3.1842,3.0516,3.1269,835235905.9,XRP,2609380756.10207,2879797,1.882e-05,73.0,,943761535.5163916,426207.7333333333,53390744.95249626,36.57142857142857,1d,0.16336728810302237,0.0016323398890735177,0.7226486275530115,58.42857142857142
2025-07-30,3.127,3.162,3.0,3.0957,870064547.8,XRP,2692383980.93983,3059475,2.0433333333333333e-05,74.0,,943761535.5163916,426207.7333333333,53390744.95249626,37.85714285714286,1d,-0.9977933416482787,-0.010028046623607956,0.7023546246910367,59.542857142857144
2025-07-31,3.0958,3.1779,3.0082,3.0203,699324610.6,XRP,2167728359.18222,2285976,7.632666666666667e-05,72.0,,976980455.1090132,485215.0,57319369.46322791,39.142857142857146,1d,-2.435636528087337,-0.02465788760618595,0.6533107844412646,58.857142857142854
2025-08-01,3.0204,3.0576,2.891,2.9602,1402958482.0,XRP,4175993569.48616,5050672,-8.603333333333333e-06,65.0,,943761535.5163916,426207.7333333333,53390744.95249626,40.42857142857143,1d,-1.9898685561037022,-0.02009933058050399,0.6142188109795759,55.17142857142858
2025-08-02,2.9602,3.0199,2.7381,2.7684,982228383.4,XRP,2816239292.67215,3553685,9.411666666666669e-05,55.0,,943761535.5163916,426207.7333333333,53390744.95249626,41.71428571428572,1d,-6.479291939733789,-0.06698729763537992,0.48946272928320556,49.68571428571429
2025-08-03,2.7684,2.9607,2.7266,2.9463,682756087.5,XRP,1952998098.47564,2557854,3.606333333333333e-05,53.0,,983324484.0382924,283479.0,58460508.73557861,43.0,1d,6.426094495015167,0.062280609864129914,0.6051775725250422,49.0
2025-08-04,2.9462,3.0883,2.9291,3.0701,846807687.7,XRP,2558224098.83806,2726560,3.860333333333334e-05,64.0,,943761535.5163916,426207.7333333333,53390744.95249626,44.285714285714285,1d,4.2018803244747716,0.041159988508808844,0.6857031351632626,56.114285714285714
2025-08-05,3.07,3.1059,2.9148,2.9607,815181670.4,XRP,2454086022.52546,2936261,7.205666666666667e-05,60.0,,943761535.5163916,426207.7333333333,53390744.95249626,45.57142857142857,1d,-3.5634018435881543,-0.036284407494575815,0.6145440353844153,54.22857142857143
2025-08-06,2.9607,3.0168,2.9006,2.9896,599926961.1,XRP,1774621836.88708,2469380,2.394333333333333e-05,54.0,,913540165.8162204,496208.0,52223364.3962656,46.85714285714286,1d,0.9761205120410565,0.009713872325202808,0.6333420059841289,51.14285714285714
2025-08-07,2.9896,3.3332,2.963,3.3181,1010852731.4,XRP,3169715342.08467,3488891,8.536e-05,62.0,,943761535.5163916,426207.7333333333,53390744.95249626,48.142857142857146,1d,10.988092052448483,0.10425273076268958,0.8470144399635747,56.457142857142856
2025-08-08,3.3181,3.3813,3.205,3.2848,1302058073.7,XRP,4304259442.49096,4299929,9.568e-05,74.0,,943761535.5163916,426207.7333333333,53390744.95249626,49.42857142857143,1d,-1.0035863898013808,-0.010086562669294516,0.825354494601275,64.17142857142858
2025-08-09,3.2848,3.3468,3.2061,3.2245,672558796.2,XRP,2211727067.57466,2395547,0.0001,67.0,,746374213.3917352,376121.0,43614181.87605599,50.71428571428572,1d,-1.8357282026303046,-0.01852786781423713,0.7861324313776505,60.48571428571429
2025-08-10,3.2245,3.2775,3.1511,3.1856,641591720.9,XRP,2054879187.02076,2458353,7.35e-05,69.0,,943761535.5163916,426207.7333333333,53390744.95249626,52.0,1d,-1.2063885873778823,-0.012137245140500168,0.7608299726811499,62.2
2025-08-11,3.1855,3.3328,3.1156,3.1281,1067438000.3,XRP,3438742822.84312,3708922,5.780666666666667e-05,70.0,,943761535.5163916,426207.7333333333,53390744.95249626,52.142857142857146,1d,-1.804997488699145,-0.018214862846274698,0.7234291661246259,62.85714285714286
2025-08-12,3.1281,3.306,3.1024,3.2665,784953757.8,XRP,2512137772.16658,2575018,5.855333333333333e-05,68.0,,881493683.0574806,367063.0,53843540.11236853,52.285714285714285,1d,4.424410984303573,0.04329328381714792,0.8134512813841551,61.71428571428571
2025-08-13,3.2666,3.3366,3.2012,3.2752,921632605.2,XRP,3008597452.67429,2960379,0.0001,73.0,,943761535.5163916,426207.7333333333,53390744.95249626,52.42857142857143,1d,0.2663401193938375,0.0026598606262199574,0.8191101860283595,64.77142857142857
2025-08-14,3.2752,3.3565,2.981,3.0774,1431250635.0,XRP,4531477335.15043,4161594,0.0001,75.0,,943761535.5163916,426207.7333333333,53390744.95249626,52.57142857142857,1d,-6.0393258426966305,-0.06229385128374733,0.690451411473917,66.02857142857142
2025-08-15,3.0775,3.1414,3.001,3.0763,714184195.8,XRP,2199266786.87764,2510762,2.225666666666667e-05,60.0,,862190901.6766596,430405.0,51476198.521993086,52.71428571428572,1d,-0.03574445960876638,-0.00035750849463454706,0.6897359177832704,57.08571428571429
2025-08-16,3.0763,3.1548,3.0697,3.1039,377849362.0,XRP,1175761303.02293,1506239,6.725666666666668e-05,56.0,,943761535.5163916,426207.7333333333,53390744.95249626,52.85714285714285,1d,0.8971816792900489,0.008931809160658243,0.7076883049304019,54.74285714285714
2025-08-17,3.1039,3.1458,3.0752,3.0856,364273352.1,XRP,1134325420.62375,1389438,6.069333333333333e-05,64.0,,943761535.5163916,426207.7333333333,53390744.95249626,53.0,1d,-0.5895808498985189,-0.005913257395283597,0.6957850917132821,59.6
2025-08-18,3.0856,3.0952,2.939,3.0605,757366693.1,XRP,2281047868.10239,2629307,-6.848333333333334e-05,60.0,,990876110.8821312,478104.0,57700190.9822444,50.85714285714285,1d,-0.8134560539279079,-0.008167826602893351,0.6794588265903475,56.34285714285714
2025-08-19,3.0605,3.0796,2.8474,2.8593,797063084.7,XRP,2359689642.09663,2708625,6.661666666666667e-05,56.0,,943761535.5163916,426207.7333333333,53390744.95249626,48.71428571428572,1d,-6.574089201110933,-0.06800146167943472,0.5485885260829974,53.08571428571429
2025-08-20,2.8593,2.988,2.8174,2.9503,779832860.3,XRP,2260417953.82759,2560536,1.609e-05,44.0,,943761535.5163916,426207.7333333333,53390744.95249626,46.57142857142857,1d,3.182597139159915,0.03133002046685236,0.607779367763757,45.028571428571425
2025-08-21,2.9503,2.9577,2.8408,2.8505,525102293.3,XRP,1522767226.99174,1986612,7.312333333333333e-05,50.0,,958704808.5807632,447767.0,55379284.1129266,44.42857142857143,1d,-3.3827068433718632,-0.03441244260690587,0.5428645765578248,47.77142857142857
2025-08-22,2.8504,3.106,2.7812,3.0738,1278106494.7,XRP,3783659726.4143,3500488,6.608333333333333e-05,50.0,,943761535.5163916,426207.7333333333,53390744.95249626,42.285714285714285,1d,7.833713383616914,0.07542016370157509,0.6881097957590736,46.91428571428571
2025-08-23,3.0738,3.0751,2.9682,3.0478,552270329.5,XRP,1672602407.16475,1862469,0.0001,60.0,,943761535.5163916,426207.7333333333,53390744.95249626,40.14285714285714,1d,-0.845858546424616,-0.008494562317451184,0.6711981267074282,52.05714285714286
2025-08-24,3.0478,3.1275,2.9842,3.025,820556815.6,XRP,2494968732.27842,2479441,0.0001,53.0,,1057370330.3731812,525890.0,61885477.45943765,38.0,1d,-0.7480805827154047,-0.007508927390818567,0.6563678938467542,47.0
2025-08-25,3.0249,3.0529,2.8202,2.8567,873611402.1,XRP,2560031560.07131,2876056,7.95e-05,47.0,,943761535.5163916,426207.7333333333,53390744.95249626,36.285714285714285,1d,-5.563636363636359,-0.05724397899786849,0.5468973591778328,42.714285714285715
2025-08-26,2.8568,3.081,2.8443,3.0112,786181848.1,XRP,2318796831.94059,2636152,9.12333333333333e-06,48.0,,943761535.5163916,426207.7333333333,53390744.95249626,34.57142857142857,1d,5.408338292435322,0.05267155792398714,0.6473917002731886,42.628571428571426
2025-08-27,3.0113,3.0439,2.9603,2.9676,638362177.2,XRP,1916789088.87423,2145152,7.207666666666667e-05,51.0,,967107009.4876657,499276.0,54198229.94353496,32.85714285714286,1d,-1.4479277364505827,-0.014585125075689648,0.6190321321711981,43.74285714285715
2025-08-28,2.9677,3.0247,2.9414,2.9647,496107673.3,XRP,1482487936.76127,1687387,9.502e-05,48.0,,943761535.5163916,426207.7333333333,53390744.95249626,31.142857142857142,1d,-0.0977220649683197,-0.000977698441079388,0.61714583062313,41.25714285714285
2025-08-29,2.9647,2.9755,2.7716,2.8179,854776664.3,XRP,2442979983.24415,2597198,5.249666666666666e-05,50.0,,943761535.5163916,426207.7333333333,53390744.95249626,29.42857142857143,1d,-4.951597126184781,-0.050783920205712076,0.5216599453622999,41.77142857142857
2025-08-30,2.8179,2.8338,2.7596,2.8167,342892133.6,XRP,961193133.04841,1523056,3.1733333333333323e-06,39.0,,1018686049.9936746,628513.0,54713066.34255501,27.714285714285715,1d,-0.04258490365165457,-0.0004259397359679267,0.5208794067906856,34.48571428571429
2025-08-31,2.8166,2.868,2.7686,2.7745,338948404.7,XRP,956345442.99911,1264397,6.884333333333334e-05,48.0,,943761535.5163916,426207.7333333333,53390744.95249626,26.0,1d,-1.498207121809203,-0.015095436166655462,0.4934304670222455,39.199999999999996
2025-09-01,2.7744,2.8381,2.6955,2.7576,828786341.6,XRP,2286834872.36941,2680806,6.994666666666667e-05,46.0,,943761535.5163916,426207.7333333333,53390744.95249626,26.142857142857142,1d,-0.6091187601369619,-0.006109814563300319,0.4824378821386757,38.05714285714286
2025-09-02,2.7576,2.8631,2.7471,2.8605,623027274.1,XRP,1748101715.12717,2092040,9.059333333333334e-05,49.0,,1050922950.3099302,592659.0,61013436.12510861,26.285714285714285,1d,3.731505657093126,0.03663569850592785,0.5493690646546118,39.91428571428571
2025-09-03,2.8605,2.8853,2.8091,2.843,440665336.8,XRP,1255687259.88082,1505863,8.468333333333334e-05,55.0,,943761535.5163916,426207.7333333333,53390744.95249626,26.428571428571427,1d,-0.6117811571403675,-0.00613660205758374,0.5379862104852348,43.57142857142857
2025-09-04,2.8429,2.8601,2.7823,2.7933,410754450.6,XRP,1159833739.52444,1472647,3.0703333333333335e-05,51.0,,943761535.5163916,426207.7333333333,53390744.95249626,26.571428571428573,1d,-1.7481533591276799,-0.01763614008840596,0.5056589046442045,41.22857142857143
2025-09-05,2.7933,2.8843,2.7765,2.8132,614262807.9,XRP,1741117657.37643,1934327,5.9650000000000007e-05,48.0,,957592801.73997,416432.0,54223984.82193413,26.714285714285715,1d,0.712419002613407,0.007098932871269498,0.5186028359568103,39.48571428571428
2025-09-06,2.8131,2.8275,2.791,2.8083,183602125.1,XRP,515591782.02213,825235,4.759333333333334e-05,48.0,,943761535.5163916,426207.7333333333,53390744.95249626,26.857142857142858,1d,-0.1741788710365455,-0.0017433073880545407,0.5154156367893847,39.542857142857144
2025-09-07,2.8084,2.9278,2.8078,2.876,476395226.1,XRP,1366928719.5625,1384373,7.499666666666667e-05,44.0,,943761535.5163916,426207.7333333333,53390744.95249626,27.0,1d,2.4107111063632836,0.023821121795128655,0.5594510212046311,37.2
2025-09-08,2.876,2.9951,2.861,2.9687,554540308.3,XRP,1631264069.52892,1921756,8.729e-05,51.0,,1082012601.5468135,567934.0,59163170.85825197,27.428571428571427,1d,3.223226703755233,0.031723706694921194,0.6197476258618447,41.57142857142857
2025-09-09,2.9687,3.0363,2.9327,2.9456,586795354.4,XRP,1749148362.65693,1856654,0.0001,48.0,,943761535.5163916,426207.7333333333,53390744.95249626,27.857142857142858,1d,-0.7781183683093551,-0.007811615057044865,0.6047222583582673,39.94285714285714
2025-09-10,2.9457,3.0235,2.934,2.9822,413441884.5,XRP,1233140288.70612,1412298,8.164000000000001e-05,49.0,,943761535.5163916,426207.7333333333,53390744.95249626,28.285714285714285,1d,1.2425312330255345,0.01234875167799369,0.6285286847925069,40.714285714285715
2025-09-11,2.9822,3.0484,2.9421,3.0388,493826180.7,XRP,1483633002.09464,1593797,9.555666666666666e-05,54.0,,1014386813.9501374,598468.0,55434703.508697584,28.714285714285715,1d,1.8979277043793097,0.018801417472259403,0.6653440874203201,43.885714285714286
2025-09-12,3.0388,3.1372,3.0161,3.1046,594655865.2,XRP,1821289408.1928,1782925,8.084333333333335e-05,57.0,,943761535.5163916,426207.7333333333,53390744.95249626,29.142857142857142,1d,2.165328419112811,0.02142218196327647,0.708143619097177,45.857142857142854
2025-09-13,3.1046,3.1855,3.0882,3.1181,523097156.3,XRP,1639073081.38096,1783120,0.0001,52.0,,943761535.5163916,426207.7333333333,53390744.95249626,29.57142857142857,1d,0.43483862655415706,0.00433895935201215,0.7169246780278392,43.028571428571425
2025-09-14,3.118,3.1259,3.0082,3.0266,470617093.4,XRP,1441574356.56285,1637828,8.960000000000001e-05,55.0,,1034674550.2291404,534198.0,58590040.977576114,30.0,1d,-2.934479330361439,-0.029783964691429198,0.6574086119422402,45.0
2025-09-15,3.0265,3.0655,2.9518,2.9957,599303766.0,XRP,1802366676.27762,2113677,2.384666666666667e-05,53.0,,943761535.5163916,426207.7333333333,53390744.95249626,29.285714285714285,1d,-1.0209475979647276,-0.010261950140859073,0.6373097437231688,43.51428571428571
2025-09-16,2.9957,3.0577,2.9623,3.0364,409240347.5,XRP,1235438192.9818,1487862,5.657333333333333e-05,52.0,,943761535.5163916,426207.7333333333,53390744.95249626,28.571428571428573,1d,1.3586140134192348,0.013494676030546259,0.6637830102770912,42.62857142857143
2025-09-17,3.0364,3.1068,2.9803,3.083,596366372.6,XRP,1808226721.5983,1856493,4.114e-05,53.0,,865610081.2374508,362913.0,58799712.10291436,27.857142857142858,1d,1.5347121591358315,0.015230545743537341,0.6940939248081177,42.94285714285714
2025-09-18,3.0831,3.1388,3.0545,3.0721,521144071.5,XRP,1615721962.62715,1576806,0.0001,52.0,,943761535.5163916,426207.7333333333,53390744.95249626,27.142857142857142,1d,-0.35355173532274353,-0.0035417820650618663,0.6870040327826199,42.05714285714286
2025-09-19,3.0721,3.0928,2.9766,2.9885,474465556.9,XRP,1434550128.76733,1471898,4.5236666666666673e-05,53.0,,943761535.5163916,426207.7333333333,53390744.95249626,26.428571428571427,1d,-2.721265583802601,-0.027589777556779584,0.6326265122934825,42.37142857142857
2025-09-20,2.9884,3.0077,2.9635,2.9735,238471447.5,XRP,711586984.19753,942348,1.333e-05,48.0,,1082611043.2192645,498549.0,56549857.186625816,25.714285714285715,1d,-0.5019240421616278,-0.0050318791176605865,0.6228697801483023,39.08571428571428
2025-09-21,2.9735,3.0123,2.9506,2.9686,240656809.6,XRP,717105729.88561,925428,2.9636666666666667e-05,49.0,,943761535.5163916,426207.7333333333,53390744.95249626,25.0,1d,-0.1647889692281912,-0.0016492489559838824,0.6196825809808767,39.4
2025-09-22,2.9686,2.974,2.6704,2.8512,971219296.0,XRP,2759420974.365,2806897,-7.233333333333337e-07,45.0,,943761535.5163916,426207.7333333333,53390744.95249626,25.0,1d,-3.9547261335309503,-0.04035050291417433,0.5433198907246,37.0
2025-09-23,2.8512,2.8959,2.7977,2.8234,463203075.8,XRP,1322348049.9289,1625360,2.5033333333333333e-05,43.0,,1018928040.676955,495947.0,51049596.047497146,25.0,1d,-0.9750280583613935,-0.009798125826390941,0.5252374138155327,35.8
2025-09-24,2.8234,2.9948,2.7871,2.9246,572115173.1,XRP,1658280250.24254,1896651,9.321666666666666e-05,44.0,,943761535.5163916,426207.7333333333,53390744.95249626,25.0,1d,3.5843309485018127,0.03521588672767953,0.5910628333550149,36.4
2025-09-25,2.9246,2.9433,2.7229,2.742,918161677.6,XRP,2586468184.68162,2654768,6.118e-05,44.0,,943761535.5163916,426207.7333333333,53390744.95249626,25.0,1d,-6.243588866853578,-0.06447013805551892,0.4722908807076883,36.4
2025-09-26,2.7419,2.8082,2.6967,2.7823,676464179.2,XRP,1862109979.80582,2189221,4.599333333333333e-05,28.0,,934017370.6205422,419078.0,49131500.76535409,25.0,1d,1.4697301239970928,0.01459034263638002,0.4985039677377392,26.8
2025-09-27,2.7823,2.8274,2.7606,2.8032,220488671.1,XRP,614271515.68554,949908,9.316e-05,33.0,,943761535.5163916,426207.7333333333,53390744.95249626,25.0,1d,0.7511770837077103,0.007483697983432549,0.5120983478600234,29.8
2025-09-28,2.8033,2.8664,2.7649,2.8662,302031934.5,XRP,847601440.67199,1148404,6.773666666666667e-05,37.0,,943761535.5163916,426207.7333333333,53390744.95249626,25.0,1d,2.247431506849318,0.022225488881898885,0.5530766228697802,32.2
2025-09-29,2.8662,2.9278,2.8428,2.8788,473729983.8,XRP,1363624988.24497,1675469,9.761e-05,50.0,,990624483.991484,444460.0,52005476.55065172,25.428571428571427,1d,0.4396064475612249,0.004386430009677978,0.5612722778717315,40.17142857142857
2025-09-30,2.8788,2.906,2.8119,2.8454,429147214.5,XRP,1224576969.58347,1603017,8.351e-05,50.0,,943761535.5163916,426207.7333333333,53390744.95249626,25.857142857142858,1d,-1.160205641239398,-0.011669885416582504,0.5395472876284637,40.34285714285714
2025-10-01,2.8453,2.96,2.8126,2.9473,515482774.6,XRP,1499705688.12176,1637108,9.697666666666668e-05,49.0,,943761535.5163916,426207.7333333333,53390744.95249626,26.285714285714285,1d,3.5812188093062414,0.035185841778609145,0.6058280213347208,39.91428571428571
2025-10-02,2.9473,3.099,2.9387,3.0375,651021002.2,XRP,1956500646.65378,2118704,6.624333333333333e-05,64.0,,1019764936.475331,381586.0,52703238.64085598,26.714285714285715,1d,3.0604281885115325,0.030145311653128188,0.6644985039677378,49.08571428571429
2025-10-03,3.0376,3.095,3.0032,3.0395,566422785.2,XRP,1720846347.39594,2063210,8.036666666666666e-05,63.0,,943761535.5163916,426207.7333333333,53390744.95249626,27.142857142857142,1d,0.06584362139916422,0.0006582195399731578,0.665799401587095,48.65714285714286
2025-10-04,3.0394,3.0518,2.9379,2.9675,357285346.6,XRP,1066335002.99159,1330077,0.0001,71.0,,943761535.5163916,426207.7333333333,53390744.95249626,27.57142857142857,1d,-2.3688106596479686,-0.02397318070495408,0.6189670872902301,53.62857142857143
2025-10-05,2.9675,3.0724,2.9455,2.9679,513794321.5,XRP,1543256526.64417,1881186,0.0001,74.0,,1117242467.1678262,525372.0,61639031.92476243,28.0,1d,0.01347935973041725,0.00013478451346352193,0.6192272668141019,55.6
2025-10-06,2.9678,3.05,2.9534,2.9878,548294332.7,XRP,1645992748.8655,1780362,8.700666666666667e-05,71.0,,943761535.5163916,426207.7333333333,53390744.95249626,27.428571428571427,1d,0.6705077664341808,0.006682698610930357,0.6321711981267074,53.57142857142857
2025-10-07,2.9879,3.0002,2.8471,2.8509,680506016.5,XRP,1989335284.07504,2168154,6.153e-05,70.0,,943761535.5163916,426207.7333333333,53390744.95249626,26.857142857142858,1d,-4.581966664435367,-0.04690259672283763,0.5431247560816965,52.74285714285715
2025-10-08,2.8509,2.9234,2.8284,2.8786,393737497.5,XRP,1132567746.59239,1725263,2.549333333333333e-05,60.0,,1109744195.5760958,427474.0,58604481.531066805,26.285714285714285,1d,0.9716229962468015,0.009669330943191138,0.5611421881097958,46.51428571428571
2025-10-09,2.8786,2.8793,2.77,2.8011,540203662.0,XRP,1518927818.51285,2055321,5.355333333333333e-05,70.0,,943761535.5163916,426207.7333333333,53390744.95249626,25.714285714285715,1d,-2.692280969915939,-0.027291867670580543,0.5107324053596982,52.285714285714285
2025-10-10,2.8011,2.8358,1.1792,2.3666,2326268635.4,XRP,5590812907.59766,5497141,3.3140000000000005e-05,64.0,,943761535.5163916,426207.7333333333,53390744.95249626,25.142857142857142,1d,-15.511763235871623,-0.16855787120753143,0.2281123975543126,48.457142857142856
2025-10-11,2.3667,2.5046,2.2955,2.3806,1309244629.4,XRP,3155395235.84971,4653899,0.0001047433333333,27.0,,1102245923.9843652,444087.0,53304513.956858695,24.571428571428573,1d,0.5915659596044787,0.005898230783320762,0.23721868088981393,26.02857142857143
2025-10-12,2.3807,2.5822,2.3102,2.5271,1193935872.5,XRP,2913919116.31485,3764468,-8.341666666666668e-05,24.0,,943761535.5163916,426207.7333333333,53390744.95249626,24.0,1d,6.153910778795257,0.05971984348718939,0.3325094315077403,24.0
2025-10-13,2.5271,2.645,2.5107,2.6042,1429478386.6,XRP,3694813414.85734,3425172,-2.449333333333333e-05,38.0,,943761535.5163916,426207.7333333333,53390744.95249626,23.285714285714285,1d,3.0509279411182755,0.0300531260736591,0.3826590347339665,32.114285714285714
2025-10-14,2.6042,2.62,2.3877,2.502,1454942698.4,XRP,3619918546.95528,3421161,3.962666666666666e-05,38.0,,943761535.5163916,426207.7333333333,62702029.02424291,22.571428571428573,1d,-3.924429767298987,-0.040035114267771586,0.3161831663848054,31.82857142857143
2025-10-15,2.502,2.547,2.374,2.4097,677039948.7,XRP,1667829766.48094,2402923,1.0723333333333331e-05,34.0,,943761535.5163916,426207.7333333333,53390744.95249626,21.857142857142858,1d,-3.689048760991198,-0.037588153618400025,0.25614674125146353,29.142857142857142
2025-10-16,2.4097,2.4655,2.2826,2.3268,859870204.9,XRP,2046675466.6541,3243114,-9.433333333333337e-06,28.0,,943761535.5163916,426207.7333333333,53390744.95249626,21.142857142857142,1d,-3.4402622733120336,-0.03500832537184993,0.20222453492910114,25.25714285714286
2025-10-17,2.3267,2.4008,2.1881,2.2925,1027729228.5,XRP,2345098615.25656,3933608,4.804666666666667e-05,22.0,,943761535.5163916,426207.7333333333,55014779.83872864,20.428571428571427,1d,-1.4741275571600432,-0.014851007905986466,0.1799141407571225,21.37142857142857
2025-10-18,2.2925,2.3899,2.2881,2.3582,372856697.7,XRP,876155704.88715,1487146,-5.081333333333333e-05,23.0,,943761535.5163916,426207.7333333333,53390744.95249626,19.714285714285715,1d,2.86586695747002,0.02825569101195314,0.2226486275530117,21.685714285714283
2025-10-19,2.3583,2.418,2.3164,2.3894,462678836.4,XRP,1098719580.27523,1645795,-5.272666666666667e-05,29.0,,943761535.5163916,426207.7333333333,53390744.95249626,19.0,1d,1.3230429988974723,0.013143672240550528,0.24294263041498654,25.0
2025-10-20,2.3894,2.5514,2.3534,2.4936,617847564.1,XRP,1519813775.03163,2233068,2.638e-05,29.0,,943761535.5163916,426207.7333333333,57476921.76238207,19.142857142857142,1d,4.360927429480199,0.04268516107000387,0.31071939638350454,25.057142857142857
2025-10-21,2.4937,2.5315,2.4003,2.4212,750980529.5,XRP,1846278331.29873,2441864,1.3623333333333334e-05,34.0,,943761535.5163916,426207.7333333333,53390744.95249626,19.285714285714285,1d,-2.9034327879371213,-0.029464164435595182,0.2636269025627683,28.114285714285714
2025-10-22,2.4212,2.4364,2.3235,2.3635,681139647.2,XRP,1626613870.89153,2292107,7.29e-06,25.0,,943761535.5163916,426207.7333333333,53390744.95249626,19.428571428571427,1d,-2.3831158103419625,-0.024119713784240947,0.22609600624430876,22.771428571428572
2025-10-23,2.3636,2.4248,2.3606,2.3936,397612937.2,XRP,952814962.99337,1390777,4.931333333333333e-05,27.0,,943761535.5163916,426207.7333333333,48853931.9317649,19.571428571428573,1d,1.2735350116352961,0.012654937546867149,0.24567451541563698,24.02857142857143
2025-10-24,2.3936,2.5147,2.3851,2.5093,550349569.6,XRP,1358863304.13098,1890873,3.666333333333333e-05,30.0,,943761535.5163916,426207.7333333333,53390744.95249626,19.714285714285715,1d,4.833723262032086,0.04720532098801672,0.32093144269546,25.885714285714286
2025-10-25,2.5094,2.6537,2.502,2.5947,538905675.7,XRP,1388063301.03535,1920014,7.379e-05,37.0,,943761535.5163916,426207.7333333333,53390744.95249626,19.857142857142858,1d,3.403339576774389,0.03346707321240096,0.3764797710420191,30.142857142857142
2025-10-26,2.5947,2.6628,2.5911,2.6449,492218155.7,XRP,1294171475.6541,1724873,5.926666666666667e-05,40.0,,943761535.5163916,426207.7333333333,52688113.772418,20.0,1d,1.934713068948235,0.01916235441374941,0.4091323012878886,32.0
2025-10-27,2.6449,2.6969,2.6,2.6327,680642231.4,XRP,1801379602.99403,2301601,8.483333333333334e-05,51.0,,943761535.5163916,426207.7333333333,53390744.95249626,20.0,1d,-0.4612650761843584,-0.00462332186272137,0.4011968258098087,38.599999999999994
2025-10-28,2.6327,2.6509,2.6069,2.6279,95357794.9,XRP,250978265.8732,354710,6.148e-05,50.0,,943761535.5163916,426207.7333333333,53390744.95249626,20.0,1d,-0.18232233068712356,-0.001824887401469581,0.3980746715233511,38.0
